"t","price","system_id","time","diff"
"2016-10-05T00:00:00.000000000","13.883333333333333","10","1751710342746","1"
"2016-10-05T00:00:00.000000000","14.168333333333335","4","1751710342746","1"
"2016-10-05T00:00:00.000000000","15.573888888888888","2","1751710342746","1"
"2016-10-05T00:00:00.000000000","14.950555555555557","9","1751710342746","1"
"2016-10-05T00:00:00.000000000","15.502777777777775","6","1751710342746","1"
"2016-10-05T00:00:00.000000000","14.454999999999997","7","1751710342746","1"
"2016-10-05T00:00:00.000000000","14.65611111111111","13","1751710342746","1"
"2016-10-05T00:00:00.000000000","15.085555555555556","1","1751710342746","1"
"2016-10-05T00:00:00.000000000","13.213333333333331","8","1751710342746","1"
"2016-10-05T00:00:00.000000000","15.443333333333335","3","1751710342746","1"
"2016-10-05T00:00:00.000000000","13.587777777777779","12","1751710342746","1"
"2016-10-05T00:00:00.000000000","13.592222222222224","0","1751710342746","1"
"2016-10-05T00:00:00.000000000","14.506666666666664","11","1751710342746","1"
"2016-10-05T00:00:00.000000000","15.204444444444444","5","1751710342746","1"
"2016-10-06T00:00:00.000000000","13.149444444444445","8","1751710345396","1"
"2016-10-06T00:00:00.000000000","14.779999999999998","9","1751710345396","1"
"2016-10-06T00:00:00.000000000","14.363888888888887","11","1751710345396","1"
"2016-10-06T00:00:00.000000000","14.784444444444448","13","1751710345396","1"
"2016-10-06T00:00:00.000000000","15.307222222222224","5","1751710345396","1"
"2016-10-06T00:00:00.000000000","13.688333333333334","12","1751710345396","1"
"2016-10-06T00:00:00.000000000","15.458888888888888","6","1751710345396","1"
"2016-10-06T00:00:00.000000000","13.548333333333332","0","1751710345396","1"
"2016-10-06T00:00:00.000000000","14.701666666666663","7","1751710345396","1"
"2016-10-06T00:00:00.000000000","14.213888888888889","10","1751710345396","1"
"2016-10-06T00:00:00.000000000","15.472777777777777","2","1751710345396","1"
"2016-10-06T00:00:00.000000000","15.030000000000001","3","1751710345396","1"
"2016-10-06T00:00:00.000000000","15.328333333333331","1","1751710345396","1"
"2016-10-06T00:00:00.000000000","14.513333333333334","4","1751710345396","1"
"2016-10-07T00:00:00.000000000","15.958333333333336","2","1751710348046","1"
"2016-10-07T00:00:00.000000000","14.690555555555555","13","1751710348046","1"
"2016-10-07T00:00:00.000000000","14.299999999999999","11","1751710348046","1"
"2016-10-07T00:00:00.000000000","12.973333333333331","8","1751710348046","1"
"2016-10-07T00:00:00.000000000","15.767777777777777","6","1751710348046","1"
"2016-10-07T00:00:00.000000000","14.623333333333331","7","1751710348046","1"
"2016-10-07T00:00:00.000000000","14.523333333333332","9","1751710348046","1"
"2016-10-07T00:00:00.000000000","15.86611111111111","3","1751710348046","1"
"2016-10-07T00:00:00.000000000","13.762222222222222","10","1751710348046","1"
"2016-10-07T00:00:00.000000000","14.068333333333333","4","1751710348046","1"
"2016-10-07T00:00:00.000000000","13.182222222222222","0","1751710348046","1"
"2016-10-07T00:00:00.000000000","14.779999999999998","5","1751710348046","1"
"2016-10-07T00:00:00.000000000","15.167777777777777","1","1751710348046","1"
"2016-10-07T00:00:00.000000000","13.260555555555555","12","1751710348046","1"
"2016-10-08T00:00:00.000000000","14.818888888888885","5","1751710350696","1"
"2016-10-08T00:00:00.000000000","14.703333333333331","7","1751710350696","1"
"2016-10-08T00:00:00.000000000","14.660555555555554","13","1751710350696","1"
"2016-10-08T00:00:00.000000000","13.961111111111114","4","1751710350696","1"
"2016-10-08T00:00:00.000000000","14.480555555555558","1","1751710350696","1"
"2016-10-08T00:00:00.000000000","13.353888888888886","12","1751710350696","1"
"2016-10-08T00:00:00.000000000","14.748333333333331","6","1751710350696","1"
"2016-10-08T00:00:00.000000000","13.16388888888889","8","1751710350696","1"
"2016-10-08T00:00:00.000000000","13.32611111111111","10","1751710350696","1"
"2016-10-08T00:00:00.000000000","15.768333333333333","3","1751710350696","1"
"2016-10-08T00:00:00.000000000","14.207222222222223","9","1751710350696","1"
"2016-10-08T00:00:00.000000000","14.1","11","1751710350696","1"
"2016-10-08T00:00:00.000000000","13.32","0","1751710350696","1"
"2016-10-08T00:00:00.000000000","14.723333333333333","2","1751710350696","1"
"2016-10-09T00:00:00.000000000","13.59611111111111","9","1751710353326","1"
"2016-10-09T00:00:00.000000000","14.504999999999999","0","1751710353326","1"
"2016-10-09T00:00:00.000000000","14.793333333333335","3","1751710353326","1"
"2016-10-09T00:00:00.000000000","14.388333333333334","11","1751710353326","1"
"2016-10-09T00:00:00.000000000","13.326666666666668","13","1751710353326","1"
"2016-10-09T00:00:00.000000000","13.217222222222222","6","1751710353326","1"
"2016-10-09T00:00:00.000000000","13.562222222222223","12","1751710353326","1"
"2016-10-09T00:00:00.000000000","14.238888888888889","7","1751710353326","1"
"2016-10-09T00:00:00.000000000","14.766111111111108","1","1751710353326","1"
"2016-10-09T00:00:00.000000000","14.083888888888886","5","1751710353326","1"
"2016-10-09T00:00:00.000000000","13.360555555555557","2","1751710353326","1"
"2016-10-09T00:00:00.000000000","12.876111111111113","10","1751710353326","1"
"2016-10-09T00:00:00.000000000","12.982222222222225","8","1751710353326","1"
"2016-10-09T00:00:00.000000000","13.45722222222222","4","1751710353326","1"
"2016-10-10T00:00:00.000000000","13.43277777777778","12","1751710355966","1"
"2016-10-10T00:00:00.000000000","15.066666666666666","1","1751710355966","1"
"2016-10-10T00:00:00.000000000","13.468333333333332","0","1751710355966","1"
"2016-10-10T00:00:00.000000000","13.158333333333333","9","1751710355966","1"
"2016-10-10T00:00:00.000000000","14.254444444444443","3","1751710355966","1"
"2016-10-10T00:00:00.000000000","12.867222222222221","8","1751710355966","1"
"2016-10-10T00:00:00.000000000","13.106666666666667","4","1751710355966","1"
"2016-10-10T00:00:00.000000000","13.275555555555554","13","1751710355966","1"
"2016-10-10T00:00:00.000000000","14.051111111111112","11","1751710355966","1"
"2016-10-10T00:00:00.000000000","13.34388888888889","6","1751710355966","1"
"2016-10-10T00:00:00.000000000","14.087222222222223","7","1751710355966","1"
"2016-10-10T00:00:00.000000000","13.944444444444443","5","1751710355966","1"
"2016-10-10T00:00:00.000000000","13.321111111111113","10","1751710355966","1"
"2016-10-10T00:00:00.000000000","13.488333333333335","2","1751710355966","1"
"2016-10-11T00:00:00.000000000","13.934444444444445","11","1751710358646","1"
"2016-10-11T00:00:00.000000000","13.55222222222222","10","1751710358646","1"
"2016-10-11T00:00:00.000000000","13.218888888888888","0","1751710358646","1"
"2016-10-11T00:00:00.000000000","14.433333333333334","13","1751710358646","1"
"2016-10-11T00:00:00.000000000","14.078888888888889","4","1751710358646","1"
"2016-10-11T00:00:00.000000000","13.342777777777778","12","1751710358646","1"
"2016-10-11T00:00:00.000000000","12.98777777777778","8","1751710358646","1"
"2016-10-11T00:00:00.000000000","14.94722222222222","2","1751710358646","1"
"2016-10-11T00:00:00.000000000","15.354444444444447","6","1751710358646","1"
"2016-10-11T00:00:00.000000000","14.80722222222222","9","1751710358646","1"
"2016-10-11T00:00:00.000000000","14.796111111111113","3","1751710358646","1"
"2016-10-11T00:00:00.000000000","14.619999999999997","5","1751710358646","1"
"2016-10-11T00:00:00.000000000","14.421666666666665","1","1751710358646","1"
"2016-10-11T00:00:00.000000000","14.068333333333333","7","1751710358646","1"
"2016-10-12T00:00:00.000000000","15.810555555555554","2","1751710361256","1"
"2016-10-12T00:00:00.000000000","15.36111111111111","5","1751710361256","1"
"2016-10-12T00:00:00.000000000","15.11111111111111","9","1751710361256","1"
"2016-10-12T00:00:00.000000000","14.648333333333332","13","1751710361256","1"
"2016-10-12T00:00:00.000000000","14.77111111111111","1","1751710361256","1"
"2016-10-12T00:00:00.000000000","13.45611111111111","12","1751710361256","1"
"2016-10-12T00:00:00.000000000","15.266666666666667","3","1751710361256","1"
"2016-10-12T00:00:00.000000000","14.615","7","1751710361256","1"
"2016-10-12T00:00:00.000000000","13.084999999999999","0","1751710361256","1"
"2016-10-12T00:00:00.000000000","14.140555555555554","4","1751710361256","1"
"2016-10-12T00:00:00.000000000","12.801666666666666","8","1751710361256","1"
"2016-10-12T00:00:00.000000000","15.696666666666665","6","1751710361256","1"
"2016-10-12T00:00:00.000000000","14.236666666666663","11","1751710361256","1"
"2016-10-12T00:00:00.000000000","14.048333333333337","10","1751710361256","1"
"2016-10-13T00:00:00.000000000","12.997222222222222","0","1751710363906","1"
"2016-10-13T00:00:00.000000000","13.938333333333336","10","1751710363906","1"
"2016-10-13T00:00:00.000000000","14.134999999999998","5","1751710363906","1"
"2016-10-13T00:00:00.000000000","14.366666666666665","11","1751710363906","1"
"2016-10-13T00:00:00.000000000","14.631111111111112","9","1751710363906","1"
"2016-10-13T00:00:00.000000000","15.173888888888886","6","1751710363906","1"
"2016-10-13T00:00:00.000000000","12.69111111111111","8","1751710363906","1"
"2016-10-13T00:00:00.000000000","15.069444444444445","1","1751710363906","1"
"2016-10-13T00:00:00.000000000","15.294444444444444","3","1751710363906","1"
"2016-10-13T00:00:00.000000000","13.93888888888889","4","1751710363906","1"
"2016-10-13T00:00:00.000000000","15.94222222222222","2","1751710363906","1"
"2016-10-13T00:00:00.000000000","14.764444444444443","13","1751710363906","1"
"2016-10-13T00:00:00.000000000","14.763333333333334","7","1751710363906","1"
"2016-10-13T00:00:00.000000000","13.458333333333334","12","1751710363906","1"
"2016-10-14T00:00:00.000000000","13.4","12","1751710366636","1"
"2016-10-14T00:00:00.000000000","15.122777777777777","3","1751710366636","1"
"2016-10-14T00:00:00.000000000","14.490555555555554","7","1751710366636","1"
"2016-10-14T00:00:00.000000000","14.375555555555556","4","1751710366636","1"
"2016-10-14T00:00:00.000000000","15.052777777777777","6","1751710366636","1"
"2016-10-14T00:00:00.000000000","15.446666666666665","2","1751710366636","1"
"2016-10-14T00:00:00.000000000","13.44888888888889","10","1751710366636","1"
"2016-10-14T00:00:00.000000000","14.679444444444446","9","1751710366636","1"
"2016-10-14T00:00:00.000000000","13.081666666666667","8","1751710366636","1"
"2016-10-14T00:00:00.000000000","15.162777777777782","1","1751710366636","1"
"2016-10-14T00:00:00.000000000","13.228333333333332","0","1751710366636","1"
"2016-10-14T00:00:00.000000000","14.94277777777778","13","1751710366636","1"
"2016-10-14T00:00:00.000000000","14.18388888888889","11","1751710366636","1"
"2016-10-14T00:00:00.000000000","14.476111111111114","5","1751710366636","1"
"2016-10-15T00:00:00.000000000","14.215","7","1751710369456","1"
"2016-10-15T00:00:00.000000000","14.436111111111112","9","1751710369456","1"
"2016-10-15T00:00:00.000000000","14.909444444444444","2","1751710369456","1"
"2016-10-15T00:00:00.000000000","13.823888888888892","12","1751710369456","1"
"2016-10-15T00:00:00.000000000","14.31388888888889","13","1751710369456","1"
"2016-10-15T00:00:00.000000000","14.524999999999999","5","1751710369456","1"
"2016-10-15T00:00:00.000000000","13.774444444444448","4","1751710369456","1"
"2016-10-15T00:00:00.000000000","14.05388888888889","11","1751710369456","1"
"2016-10-15T00:00:00.000000000","15.063333333333336","6","1751710369456","1"
"2016-10-15T00:00:00.000000000","14.408888888888889","1","1751710369456","1"
"2016-10-15T00:00:00.000000000","13.728888888888891","10","1751710369456","1"
"2016-10-15T00:00:00.000000000","14.785","3","1751710369456","1"
"2016-10-15T00:00:00.000000000","13.423333333333332","0","1751710369456","1"
"2016-10-15T00:00:00.000000000","13.211666666666668","8","1751710369456","1"
"2016-10-16T00:00:00.000000000","14.23611111111111","7","1751710372306","1"
"2016-10-16T00:00:00.000000000","13.206666666666669","12","1751710372306","1"
"2016-10-16T00:00:00.000000000","14.410000000000004","11","1751710372306","1"
"2016-10-16T00:00:00.000000000","14.138333333333332","0","1751710372306","1"
"2016-10-16T00:00:00.000000000","13.019444444444444","2","1751710372306","1"
"2016-10-16T00:00:00.000000000","13.415555555555557","13","1751710372306","1"
"2016-10-16T00:00:00.000000000","14.827222222222222","5","1751710372306","1"
"2016-10-16T00:00:00.000000000","14.436666666666667","3","1751710372306","1"
"2016-10-16T00:00:00.000000000","13.401111111111113","6","1751710372306","1"
"2016-10-16T00:00:00.000000000","13.380000000000003","4","1751710372306","1"
"2016-10-16T00:00:00.000000000","15.129444444444443","1","1751710372306","1"
"2016-10-16T00:00:00.000000000","13.283888888888889","10","1751710372306","1"
"2016-10-16T00:00:00.000000000","12.514444444444443","8","1751710372306","1"
"2016-10-16T00:00:00.000000000","13.570555555555556","9","1751710372306","1"
"2016-10-17T00:00:00.000000000","13.150555555555554","8","1751710375046","1"
"2016-10-17T00:00:00.000000000","14.24222222222222","7","1751710375046","1"
"2016-10-17T00:00:00.000000000","14.844999999999999","5","1751710375046","1"
"2016-10-17T00:00:00.000000000","14.045555555555556","2","1751710375046","1"
"2016-10-17T00:00:00.000000000","13.21888888888889","0","1751710375046","1"
"2016-10-17T00:00:00.000000000","13.91611111111111","6","1751710375046","1"
"2016-10-17T00:00:00.000000000","15.381666666666668","3","1751710375046","1"
"2016-10-17T00:00:00.000000000","13.659444444444443","9","1751710375046","1"
"2016-10-17T00:00:00.000000000","14.649999999999999","11","1751710375046","1"
"2016-10-17T00:00:00.000000000","13.700555555555557","10","1751710375046","1"
"2016-10-17T00:00:00.000000000","13.744444444444447","12","1751710375046","1"
"2016-10-17T00:00:00.000000000","15.684999999999999","1","1751710375046","1"
"2016-10-17T00:00:00.000000000","13.637777777777776","4","1751710375046","1"
"2016-10-17T00:00:00.000000000","14.036666666666669","13","1751710375046","1"
"2016-10-18T00:00:00.000000000","13.802222222222223","10","1751710377826","1"
"2016-10-18T00:00:00.000000000","13.846666666666668","11","1751710377826","1"
"2016-10-18T00:00:00.000000000","13.62333333333333","12","1751710377826","1"
"2016-10-18T00:00:00.000000000","14.764444444444443","3","1751710377826","1"
"2016-10-18T00:00:00.000000000","15.037777777777778","9","1751710377826","1"
"2016-10-18T00:00:00.000000000","14.45111111111111","4","1751710377826","1"
"2016-10-18T00:00:00.000000000","14.33888888888889","5","1751710377826","1"
"2016-10-18T00:00:00.000000000","13.293333333333333","0","1751710377826","1"
"2016-10-18T00:00:00.000000000","15.245555555555553","2","1751710377826","1"
"2016-10-18T00:00:00.000000000","14.791666666666666","1","1751710377826","1"
"2016-10-18T00:00:00.000000000","15.34","6","1751710377826","1"
"2016-10-18T00:00:00.000000000","14.622222222222222","13","1751710377826","1"
"2016-10-18T00:00:00.000000000","14.047777777777776","7","1751710377826","1"
"2016-10-18T00:00:00.000000000","13.050000000000002","8","1751710377826","1"
"2016-10-19T00:00:00.000000000","15.14777777777778","3","1751710380606","1"
"2016-10-19T00:00:00.000000000","15.864444444444441","2","1751710380606","1"
"2016-10-19T00:00:00.000000000","15.021666666666667","1","1751710380606","1"
"2016-10-19T00:00:00.000000000","14.196111111111113","11","1751710380606","1"
"2016-10-19T00:00:00.000000000","14.821666666666667","9","1751710380606","1"
"2016-10-19T00:00:00.000000000","13.674444444444443","12","1751710380606","1"
"2016-10-19T00:00:00.000000000","14.719999999999999","7","1751710380606","1"
"2016-10-19T00:00:00.000000000","13.247777777777777","0","1751710380606","1"
"2016-10-19T00:00:00.000000000","15.142222222222223","5","1751710380606","1"
"2016-10-19T00:00:00.000000000","14.521666666666667","13","1751710380606","1"
"2016-10-19T00:00:00.000000000","13.187777777777777","8","1751710380606","1"
"2016-10-19T00:00:00.000000000","14.125000000000002","4","1751710380606","1"
"2016-10-19T00:00:00.000000000","14.130555555555553","10","1751710380606","1"
"2016-10-19T00:00:00.000000000","15.940555555555553","6","1751710380606","1"
"2016-10-20T00:00:00.000000000","14.848333333333333","9","1751710383536","1"
"2016-10-20T00:00:00.000000000","15.10277777777778","5","1751710383536","1"
"2016-10-20T00:00:00.000000000","13.33611111111111","8","1751710383536","1"
"2016-10-20T00:00:00.000000000","13.063888888888888","0","1751710383536","1"
"2016-10-20T00:00:00.000000000","14.453888888888887","4","1751710383536","1"
"2016-10-20T00:00:00.000000000","15.258888888888887","3","1751710383536","1"
"2016-10-20T00:00:00.000000000","14.455","7","1751710383536","1"
"2016-10-20T00:00:00.000000000","14.193333333333332","11","1751710383536","1"
"2016-10-20T00:00:00.000000000","14.229999999999999","13","1751710383536","1"
"2016-10-20T00:00:00.000000000","15.190555555555555","1","1751710383536","1"
"2016-10-20T00:00:00.000000000","13.695","10","1751710383536","1"
"2016-10-20T00:00:00.000000000","15.342777777777778","2","1751710383536","1"
"2016-10-20T00:00:00.000000000","13.774999999999999","12","1751710383536","1"
"2016-10-20T00:00:00.000000000","15.023888888888893","6","1751710383536","1"
"2016-10-23T00:00:00.000000000","14.099444444444446","7","1751710386196","1"
"2016-10-23T00:00:00.000000000","14.284444444444444","0","1751710386196","1"
"2016-10-23T00:00:00.000000000","13.347777777777775","9","1751710386196","1"
"2016-10-23T00:00:00.000000000","13.232222222222221","10","1751710386196","1"
"2016-10-23T00:00:00.000000000","13.002222222222223","8","1751710386196","1"
"2016-10-23T00:00:00.000000000","14.69722222222222","3","1751710386196","1"
"2016-10-23T00:00:00.000000000","13.224444444444446","2","1751710386196","1"
"2016-10-23T00:00:00.000000000","13.640555555555558","13","1751710386196","1"
"2016-10-23T00:00:00.000000000","12.911111111111111","6","1751710386196","1"
"2016-10-23T00:00:00.000000000","14.438333333333333","1","1751710386196","1"
"2016-10-23T00:00:00.000000000","13.165555555555555","4","1751710386196","1"
"2016-10-23T00:00:00.000000000","14.403333333333332","5","1751710386196","1"
"2016-10-23T00:00:00.000000000","14.02888888888889","11","1751710386196","1"
"2016-10-23T00:00:00.000000000","13.253333333333336","12","1751710386196","1"
"2016-10-24T00:00:00.000000000","13.473888888888887","9","1751710388846","1"
"2016-10-24T00:00:00.000000000","14.270000000000001","11","1751710388846","1"
"2016-10-24T00:00:00.000000000","14.57222222222222","3","1751710388846","1"
"2016-10-24T00:00:00.000000000","13.378888888888888","10","1751710388846","1"
"2016-10-24T00:00:00.000000000","13.322777777777778","2","1751710388846","1"
"2016-10-24T00:00:00.000000000","13.595555555555555","13","1751710388846","1"
"2016-10-24T00:00:00.000000000","13.31333333333333","8","1751710388846","1"
"2016-10-24T00:00:00.000000000","13.745","0","1751710388846","1"
"2016-10-24T00:00:00.000000000","15.193333333333335","1","1751710388846","1"
"2016-10-24T00:00:00.000000000","13.364444444444445","12","1751710388846","1"
"2016-10-24T00:00:00.000000000","13.313333333333333","4","1751710388846","1"
"2016-10-24T00:00:00.000000000","14.513333333333334","7","1751710388846","1"
"2016-10-24T00:00:00.000000000","13.02388888888889","6","1751710388846","1"
"2016-10-24T00:00:00.000000000","14.630000000000003","5","1751710388846","1"
"2016-10-25T00:00:00.000000000","14.382222222222225","13","1751710391476","1"
"2016-10-25T00:00:00.000000000","14.625555555555552","9","1751710391476","1"
"2016-10-25T00:00:00.000000000","14.71","3","1751710391476","1"
"2016-10-25T00:00:00.000000000","13.799999999999999","7","1751710391476","1"
"2016-10-25T00:00:00.000000000","13.687777777777779","10","1751710391476","1"
"2016-10-25T00:00:00.000000000","13.064444444444442","8","1751710391476","1"
"2016-10-25T00:00:00.000000000","14.415000000000001","1","1751710391476","1"
"2016-10-25T00:00:00.000000000","13.681111111111113","0","1751710391476","1"
"2016-10-25T00:00:00.000000000","14.471111111111115","5","1751710391476","1"
"2016-10-25T00:00:00.000000000","15.011666666666668","2","1751710391476","1"
"2016-10-25T00:00:00.000000000","14.039444444444444","11","1751710391476","1"
"2016-10-25T00:00:00.000000000","13.29388888888889","12","1751710391476","1"
"2016-10-25T00:00:00.000000000","13.868333333333332","4","1751710391476","1"
"2016-10-25T00:00:00.000000000","15.221111111111112","6","1751710391476","1"
"2016-10-26T00:00:00.000000000","14.063333333333333","11","1751710394086","1"
"2016-10-26T00:00:00.000000000","13.635555555555555","0","1751710394086","1"
"2016-10-26T00:00:00.000000000","15.938888888888888","2","1751710394086","1"
"2016-10-26T00:00:00.000000000","13.57611111111111","10","1751710394086","1"
"2016-10-26T00:00:00.000000000","14.74888888888889","5","1751710394086","1"
"2016-10-26T00:00:00.000000000","15.136111111111111","1","1751710394086","1"
"2016-10-26T00:00:00.000000000","13.70111111111111","12","1751710394086","1"
"2016-10-26T00:00:00.000000000","12.658333333333331","8","1751710394086","1"
"2016-10-26T00:00:00.000000000","14.80888888888889","9","1751710394086","1"
"2016-10-26T00:00:00.000000000","14.228888888888886","13","1751710394086","1"
"2016-10-26T00:00:00.000000000","14.067777777777778","4","1751710394086","1"
"2016-10-26T00:00:00.000000000","14.91777777777778","3","1751710394086","1"
"2016-10-26T00:00:00.000000000","15.95444444444444","6","1751710394086","1"
"2016-10-26T00:00:00.000000000","14.174444444444442","7","1751710394086","1"
"2016-10-27T00:00:00.000000000","14.055555555555555","12","1751710396746","1"
"2016-10-27T00:00:00.000000000","13.346666666666668","0","1751710396746","1"
"2016-10-27T00:00:00.000000000","15.169444444444443","1","1751710396746","1"
"2016-10-27T00:00:00.000000000","13.849444444444444","4","1751710396746","1"
"2016-10-27T00:00:00.000000000","14.841666666666665","5","1751710396746","1"
"2016-10-27T00:00:00.000000000","15.173333333333334","6","1751710396746","1"
"2016-10-27T00:00:00.000000000","15.56611111111111","2","1751710396746","1"
"2016-10-27T00:00:00.000000000","14.695555555555554","7","1751710396746","1"
"2016-10-27T00:00:00.000000000","14.196666666666667","11","1751710396746","1"
"2016-10-27T00:00:00.000000000","13.53111111111111","10","1751710396746","1"
"2016-10-27T00:00:00.000000000","13.257777777777779","8","1751710396746","1"
"2016-10-27T00:00:00.000000000","14.570555555555554","9","1751710396746","1"
"2016-10-27T00:00:00.000000000","14.125","13","1751710396746","1"
"2016-10-27T00:00:00.000000000","14.878333333333334","3","1751710396746","1"
"2016-10-28T00:00:00.000000000","14.726111111111111","1","1751710399396","1"
"2016-10-28T00:00:00.000000000","14.572777777777775","7","1751710399396","1"
"2016-10-28T00:00:00.000000000","15.330555555555556","3","1751710399396","1"
"2016-10-28T00:00:00.000000000","14.85611111111111","13","1751710399396","1"
"2016-10-28T00:00:00.000000000","13.968333333333334","10","1751710399396","1"
"2016-10-28T00:00:00.000000000","14.084444444444445","11","1751710399396","1"
"2016-10-28T00:00:00.000000000","15.591666666666665","6","1751710399396","1"
"2016-10-28T00:00:00.000000000","14.453333333333335","9","1751710399396","1"
"2016-10-28T00:00:00.000000000","15.608888888888888","2","1751710399396","1"
"2016-10-28T00:00:00.000000000","13.613888888888889","0","1751710399396","1"
"2016-10-28T00:00:00.000000000","14.31666666666667","12","1751710399396","1"
"2016-10-28T00:00:00.000000000","13.579444444444444","8","1751710399396","1"
"2016-10-28T00:00:00.000000000","14.170000000000002","4","1751710399396","1"
"2016-10-28T00:00:00.000000000","14.91888888888889","5","1751710399396","1"
"2016-10-29T00:00:00.000000000","14.859444444444446","6","1751710402026","1"
"2016-10-29T00:00:00.000000000","14.156666666666665","9","1751710402026","1"
"2016-10-29T00:00:00.000000000","14.829999999999997","3","1751710402026","1"
"2016-10-29T00:00:00.000000000","14.273333333333333","11","1751710402026","1"
"2016-10-29T00:00:00.000000000","14.822777777777778","2","1751710402026","1"
"2016-10-29T00:00:00.000000000","13.646666666666667","0","1751710402026","1"
"2016-10-29T00:00:00.000000000","13.867222222222221","12","1751710402026","1"
"2016-10-29T00:00:00.000000000","13.797777777777778","4","1751710402026","1"
"2016-10-29T00:00:00.000000000","14.893333333333333","5","1751710402026","1"
"2016-10-29T00:00:00.000000000","14.196666666666667","7","1751710402026","1"
"2016-10-29T00:00:00.000000000","14.130555555555555","13","1751710402026","1"
"2016-10-29T00:00:00.000000000","13.68277777777778","8","1751710402026","1"
"2016-10-29T00:00:00.000000000","13.687222222222225","10","1751710402026","1"
"2016-10-29T00:00:00.000000000","14.623333333333335","1","1751710402026","1"
"2016-10-30T00:00:00.000000000","13.349444444444444","10","1751710404666","1"
"2016-10-30T00:00:00.000000000","13.31611111111111","8","1751710404666","1"
"2016-10-30T00:00:00.000000000","13.51611111111111","13","1751710404666","1"
"2016-10-30T00:00:00.000000000","13.615555555555554","2","1751710404666","1"
"2016-10-30T00:00:00.000000000","15.142777777777773","5","1751710404666","1"
"2016-10-30T00:00:00.000000000","14.992222222222223","3","1751710404666","1"
"2016-10-30T00:00:00.000000000","14.282777777777776","7","1751710404666","1"
"2016-10-30T00:00:00.000000000","14.200555555555555","11","1751710404666","1"
"2016-10-30T00:00:00.000000000","13.782777777777774","0","1751710404666","1"
"2016-10-30T00:00:00.000000000","15.17111111111111","1","1751710404666","1"
"2016-10-30T00:00:00.000000000","13.661111111111111","9","1751710404666","1"
"2016-10-30T00:00:00.000000000","13.215555555555556","4","1751710404666","1"
"2016-10-30T00:00:00.000000000","13.287222222222221","6","1751710404666","1"
"2016-10-30T00:00:00.000000000","13.850000000000001","12","1751710404666","1"
"2016-10-31T00:00:00.000000000","14.010555555555554","7","1751710407316","1"
"2016-10-31T00:00:00.000000000","13.10611111111111","2","1751710407316","1"
"2016-10-31T00:00:00.000000000","13.239444444444443","0","1751710407316","1"
"2016-10-31T00:00:00.000000000","13.088888888888889","4","1751710407316","1"
"2016-10-31T00:00:00.000000000","13.253333333333334","6","1751710407316","1"
"2016-10-31T00:00:00.000000000","14.446666666666667","1","1751710407316","1"
"2016-10-31T00:00:00.000000000","14.267222222222223","3","1751710407316","1"
"2016-10-31T00:00:00.000000000","13.950555555555557","12","1751710407316","1"
"2016-10-31T00:00:00.000000000","13.34611111111111","13","1751710407316","1"
"2016-10-31T00:00:00.000000000","13.187777777777777","8","1751710407316","1"
"2016-10-31T00:00:00.000000000","14.16","11","1751710407316","1"
"2016-10-31T00:00:00.000000000","13.32888888888889","10","1751710407316","1"
"2016-10-31T00:00:00.000000000","14.627777777777778","5","1751710407316","1"
"2016-10-31T00:00:00.000000000","13.223333333333333","9","1751710407316","1"
"2016-11-01T00:00:00.000000000","14.831666666666665","5","1751710409976","1"
"2016-11-01T00:00:00.000000000","13.491111111111113","12","1751710409976","1"
"2016-11-01T00:00:00.000000000","13.92388888888889","1","1751710409976","1"
"2016-11-01T00:00:00.000000000","14.681666666666665","9","1751710409976","1"
"2016-11-01T00:00:00.000000000","14.232777777777777","11","1751710409976","1"
"2016-11-01T00:00:00.000000000","15.259444444444446","6","1751710409976","1"
"2016-11-01T00:00:00.000000000","15.173333333333337","3","1751710409976","1"
"2016-11-01T00:00:00.000000000","13.08611111111111","0","1751710409976","1"
"2016-11-01T00:00:00.000000000","14.242222222222223","7","1751710409976","1"
"2016-11-01T00:00:00.000000000","14.238888888888889","4","1751710409976","1"
"2016-11-01T00:00:00.000000000","13.567777777777776","10","1751710409976","1"
"2016-11-01T00:00:00.000000000","14.45277777777778","13","1751710409976","1"
"2016-11-01T00:00:00.000000000","15.503888888888891","2","1751710409976","1"
"2016-11-01T00:00:00.000000000","12.881666666666668","8","1751710409976","1"
"2016-11-02T00:00:00.000000000","15.457777777777775","3","1751710412606","1"
"2016-11-02T00:00:00.000000000","14.63888888888889","13","1751710412606","1"
"2016-11-02T00:00:00.000000000","15.44555555555555","2","1751710412606","1"
"2016-11-02T00:00:00.000000000","15.288333333333334","6","1751710412606","1"
"2016-11-02T00:00:00.000000000","13.581666666666669","12","1751710412606","1"
"2016-11-02T00:00:00.000000000","14.385000000000003","1","1751710412606","1"
"2016-11-02T00:00:00.000000000","14.225555555555555","4","1751710412606","1"
"2016-11-02T00:00:00.000000000","14.343333333333334","5","1751710412606","1"
"2016-11-02T00:00:00.000000000","13.476666666666667","10","1751710412606","1"
"2016-11-02T00:00:00.000000000","15.053888888888887","9","1751710412606","1"
"2016-11-02T00:00:00.000000000","13.718333333333334","0","1751710412606","1"
"2016-11-02T00:00:00.000000000","12.774444444444448","8","1751710412606","1"
"2016-11-02T00:00:00.000000000","14.506666666666668","7","1751710412606","1"
"2016-11-02T00:00:00.000000000","13.95722222222222","11","1751710412606","1"
"2016-11-03T00:00:00.000000000","12.916111111111112","8","1751710415256","1"
"2016-11-03T00:00:00.000000000","13.266111111111112","0","1751710415256","1"
"2016-11-03T00:00:00.000000000","14.651666666666667","5","1751710415256","1"
"2016-11-03T00:00:00.000000000","13.475000000000001","12","1751710415256","1"
"2016-11-03T00:00:00.000000000","14.693333333333332","7","1751710415256","1"
"2016-11-03T00:00:00.000000000","15.75","2","1751710415256","1"
"2016-11-03T00:00:00.000000000","14.30888888888889","4","1751710415256","1"
"2016-11-03T00:00:00.000000000","14.938333333333333","6","1751710415256","1"
"2016-11-03T00:00:00.000000000","14.728333333333333","13","1751710415256","1"
"2016-11-03T00:00:00.000000000","13.805555555555557","10","1751710415256","1"
"2016-11-03T00:00:00.000000000","14.756666666666668","9","1751710415256","1"
"2016-11-03T00:00:00.000000000","13.820555555555558","11","1751710415256","1"
"2016-11-03T00:00:00.000000000","14.63888888888889","1","1751710415256","1"
"2016-11-03T00:00:00.000000000","15.697222222222223","3","1751710415256","1"
"2016-11-04T00:00:00.000000000","15.089999999999996","3","1751710417906","1"
"2016-11-04T00:00:00.000000000","14.828333333333335","1","1751710417906","1"
"2016-11-04T00:00:00.000000000","13.450555555555553","12","1751710417906","1"
"2016-11-04T00:00:00.000000000","13.787777777777778","10","1751710417906","1"
"2016-11-04T00:00:00.000000000","15.389444444444443","2","1751710417906","1"
"2016-11-04T00:00:00.000000000","14.639444444444443","5","1751710417906","1"
"2016-11-04T00:00:00.000000000","14.70388888888889","13","1751710417906","1"
"2016-11-04T00:00:00.000000000","15.278333333333332","6","1751710417906","1"
"2016-11-04T00:00:00.000000000","13.971666666666668","11","1751710417906","1"
"2016-11-04T00:00:00.000000000","14.53111111111111","7","1751710417906","1"
"2016-11-04T00:00:00.000000000","14.351111111111111","4","1751710417906","1"
"2016-11-04T00:00:00.000000000","12.845555555555556","8","1751710417906","1"
"2016-11-04T00:00:00.000000000","13.623333333333331","0","1751710417906","1"
"2016-11-04T00:00:00.000000000","14.61166666666667","9","1751710417906","1"
"2016-11-05T00:00:00.000000000","14.136666666666665","13","1751710420566","1"
"2016-11-05T00:00:00.000000000","13.860555555555555","7","1751710420566","1"
"2016-11-05T00:00:00.000000000","13.330555555555556","0","1751710420566","1"
"2016-11-05T00:00:00.000000000","14.541666666666666","1","1751710420566","1"
"2016-11-05T00:00:00.000000000","14.97722222222222","3","1751710420566","1"
"2016-11-05T00:00:00.000000000","13.88","11","1751710420566","1"
"2016-11-05T00:00:00.000000000","14.25222222222222","9","1751710420566","1"
"2016-11-05T00:00:00.000000000","13.733333333333334","10","1751710420566","1"
"2016-11-05T00:00:00.000000000","14.037222222222223","5","1751710420566","1"
"2016-11-05T00:00:00.000000000","14.122222222222224","4","1751710420566","1"
"2016-11-05T00:00:00.000000000","13.35388888888889","12","1751710420566","1"
"2016-11-05T00:00:00.000000000","15.913888888888884","2","1751710420566","1"
"2016-11-05T00:00:00.000000000","12.816666666666666","8","1751710420566","1"
"2016-11-05T00:00:00.000000000","15.425000000000002","6","1751710420566","1"
"2016-11-06T00:00:00.000000000","13.212222222222222","4","1751710423206","1"
"2016-11-06T00:00:00.000000000","13.48888888888889","13","1751710423206","1"
"2016-11-06T00:00:00.000000000","13.919444444444444","11","1751710423206","1"
"2016-11-06T00:00:00.000000000","14.22166666666667","7","1751710423206","1"
"2016-11-06T00:00:00.000000000","13.80166666666667","0","1751710423206","1"
"2016-11-06T00:00:00.000000000","13.254444444444447","9","1751710423206","1"
"2016-11-06T00:00:00.000000000","13.252777777777778","12","1751710423206","1"
"2016-11-06T00:00:00.000000000","14.618333333333332","1","1751710423206","1"
"2016-11-06T00:00:00.000000000","13.793888888888889","5","1751710423206","1"
"2016-11-06T00:00:00.000000000","14.695","3","1751710423206","1"
"2016-11-06T00:00:00.000000000","13.289444444444447","6","1751710423206","1"
"2016-11-06T00:00:00.000000000","13.086666666666666","10","1751710423206","1"
"2016-11-06T00:00:00.000000000","13.658888888888887","2","1751710423206","1"
"2016-11-06T00:00:00.000000000","12.759444444444442","8","1751710423206","1"
"2016-11-07T00:00:00.000000000","13.736111111111109","6","1751710425826","1"
"2016-11-07T00:00:00.000000000","14.228333333333333","11","1751710425826","1"
"2016-11-07T00:00:00.000000000","14.704444444444444","3","1751710425826","1"
"2016-11-07T00:00:00.000000000","13.159444444444444","12","1751710425826","1"
"2016-11-07T00:00:00.000000000","13.50222222222222","10","1751710425826","1"
"2016-11-07T00:00:00.000000000","13.879444444444443","2","1751710425826","1"
"2016-11-07T00:00:00.000000000","13.290555555555555","0","1751710425826","1"
"2016-11-07T00:00:00.000000000","14.93","1","1751710425826","1"
"2016-11-07T00:00:00.000000000","13.653333333333334","13","1751710425826","1"
"2016-11-07T00:00:00.000000000","14.12","7","1751710425826","1"
"2016-11-07T00:00:00.000000000","13.258888888888887","9","1751710425826","1"
"2016-11-07T00:00:00.000000000","13.059444444444445","8","1751710425826","1"
"2016-11-07T00:00:00.000000000","13.996111111111109","5","1751710425826","1"
"2016-11-07T00:00:00.000000000","12.989444444444445","4","1751710425826","1"
"2016-11-08T00:00:00.000000000","15.172777777777778","2","1751710428456","1"
"2016-11-08T00:00:00.000000000","15.107777777777777","6","1751710428456","1"
"2016-11-08T00:00:00.000000000","15.176666666666668","9","1751710428456","1"
"2016-11-08T00:00:00.000000000","14.403333333333332","1","1751710428456","1"
"2016-11-08T00:00:00.000000000","13.232777777777777","0","1751710428456","1"
"2016-11-08T00:00:00.000000000","13.800555555555555","11","1751710428456","1"
"2016-11-08T00:00:00.000000000","14.332777777777782","7","1751710428456","1"
"2016-11-08T00:00:00.000000000","12.518888888888888","8","1751710428456","1"
"2016-11-08T00:00:00.000000000","13.797222222222222","5","1751710428456","1"
"2016-11-08T00:00:00.000000000","15.50888888888889","3","1751710428456","1"
"2016-11-08T00:00:00.000000000","13.188888888888888","12","1751710428456","1"
"2016-11-08T00:00:00.000000000","14.351666666666667","4","1751710428456","1"
"2016-11-08T00:00:00.000000000","14.759444444444446","13","1751710428456","1"
"2016-11-08T00:00:00.000000000","13.815","10","1751710428456","1"
"2016-11-09T00:00:00.000000000","15.493888888888888","3","1751710431118","1"
"2016-11-09T00:00:00.000000000","14.54277777777778","9","1751710431118","1"
"2016-11-09T00:00:00.000000000","13.978888888888891","10","1751710431118","1"
"2016-11-09T00:00:00.000000000","14.568888888888889","7","1751710431118","1"
"2016-11-09T00:00:00.000000000","15.837777777777777","6","1751710431118","1"
"2016-11-09T00:00:00.000000000","13.147777777777774","0","1751710431118","1"
"2016-11-09T00:00:00.000000000","14.841666666666669","5","1751710431118","1"
"2016-11-09T00:00:00.000000000","14.573888888888892","13","1751710431118","1"
"2016-11-09T00:00:00.000000000","13.818888888888885","12","1751710431118","1"
"2016-11-09T00:00:00.000000000","15.190555555555553","1","1751710431118","1"
"2016-11-09T00:00:00.000000000","13.215555555555556","8","1751710431118","1"
"2016-11-09T00:00:00.000000000","13.973333333333333","11","1751710431118","1"
"2016-11-09T00:00:00.000000000","14.528888888888888","4","1751710431118","1"
"2016-11-09T00:00:00.000000000","16.481666666666666","2","1751710431118","1"
"2016-11-10T00:00:00.000000000","15.016111111111108","6","1751710433756","1"
"2016-11-10T00:00:00.000000000","14.472777777777774","7","1751710433756","1"
"2016-11-10T00:00:00.000000000","13.545555555555557","12","1751710433756","1"
"2016-11-10T00:00:00.000000000","14.824999999999998","1","1751710433756","1"
"2016-11-10T00:00:00.000000000","16.134444444444444","2","1751710433756","1"
"2016-11-10T00:00:00.000000000","14.885555555555555","9","1751710433756","1"
"2016-11-10T00:00:00.000000000","13.926666666666668","10","1751710433756","1"
"2016-11-10T00:00:00.000000000","12.82722222222222","0","1751710433756","1"
"2016-11-10T00:00:00.000000000","14.427777777777777","11","1751710433756","1"
"2016-11-10T00:00:00.000000000","15.243888888888884","5","1751710433756","1"
"2016-11-10T00:00:00.000000000","14.667777777777774","13","1751710433756","1"
"2016-11-10T00:00:00.000000000","14.209444444444443","4","1751710433756","1"
"2016-11-10T00:00:00.000000000","15.779444444444444","3","1751710433756","1"
"2016-11-10T00:00:00.000000000","13.016111111111108","8","1751710433756","1"
"2016-11-11T00:00:00.000000000","13.829444444444444","12","1751710436406","1"
"2016-11-11T00:00:00.000000000","14.76222222222222","9","1751710436406","1"
"2016-11-11T00:00:00.000000000","14.13277777777778","11","1751710436406","1"
"2016-11-11T00:00:00.000000000","14.305","4","1751710436406","1"
"2016-11-11T00:00:00.000000000","13.79611111111111","10","1751710436406","1"
"2016-11-11T00:00:00.000000000","14.828333333333331","1","1751710436406","1"
"2016-11-11T00:00:00.000000000","15.037222222222223","3","1751710436406","1"
"2016-11-11T00:00:00.000000000","14.806666666666665","5","1751710436406","1"
"2016-11-11T00:00:00.000000000","13.128333333333336","8","1751710436406","1"
"2016-11-11T00:00:00.000000000","15.633333333333335","6","1751710436406","1"
"2016-11-11T00:00:00.000000000","16.04055555555555","2","1751710436406","1"
"2016-11-11T00:00:00.000000000","14.504444444444443","13","1751710436406","1"
"2016-11-11T00:00:00.000000000","14.492222222222223","7","1751710436406","1"
"2016-11-11T00:00:00.000000000","13.220555555555555","0","1751710436406","1"
"2016-11-12T00:00:00.000000000","14.870000000000001","2","1751710439056","1"
"2016-11-12T00:00:00.000000000","14.777777777777779","1","1751710439056","1"
"2016-11-12T00:00:00.000000000","13.999444444444443","11","1751710439056","1"
"2016-11-12T00:00:00.000000000","14.78722222222222","9","1751710439056","1"
"2016-11-12T00:00:00.000000000","12.97888888888889","8","1751710439056","1"
"2016-11-12T00:00:00.000000000","14.845555555555555","6","1751710439056","1"
"2016-11-12T00:00:00.000000000","14.079999999999998","3","1751710439056","1"
"2016-11-12T00:00:00.000000000","13.419444444444443","10","1751710439056","1"
"2016-11-12T00:00:00.000000000","13.199444444444445","0","1751710439056","1"
"2016-11-12T00:00:00.000000000","14.532222222222222","13","1751710439056","1"
"2016-11-12T00:00:00.000000000","14.216666666666665","4","1751710439056","1"
"2016-11-12T00:00:00.000000000","13.339999999999998","12","1751710439056","1"
"2016-11-12T00:00:00.000000000","14.002222222222223","7","1751710439056","1"
"2016-11-12T00:00:00.000000000","14.669444444444444","5","1751710439056","1"
"2016-11-13T00:00:00.000000000","14.69166666666667","1","1751710441686","1"
"2016-11-13T00:00:00.000000000","14.355000000000002","7","1751710441686","1"
"2016-11-13T00:00:00.000000000","14.407222222222224","5","1751710441686","1"
"2016-11-13T00:00:00.000000000","14.239444444444448","11","1751710441686","1"
"2016-11-13T00:00:00.000000000","13.854444444444447","9","1751710441686","1"
"2016-11-13T00:00:00.000000000","13.531666666666665","2","1751710441686","1"
"2016-11-13T00:00:00.000000000","12.889444444444441","8","1751710441686","1"
"2016-11-13T00:00:00.000000000","13.666666666666668","13","1751710441686","1"
"2016-11-13T00:00:00.000000000","13.508333333333333","10","1751710441686","1"
"2016-11-13T00:00:00.000000000","14.566666666666666","3","1751710441686","1"
"2016-11-13T00:00:00.000000000","13.915555555555553","0","1751710441686","1"
"2016-11-13T00:00:00.000000000","13.445555555555558","4","1751710441686","1"
"2016-11-13T00:00:00.000000000","13.416666666666668","6","1751710441686","1"
"2016-11-13T00:00:00.000000000","13.262222222222222","12","1751710441686","1"
"2016-11-14T00:00:00.000000000","13.320555555555558","4","1751710444356","1"
"2016-11-14T00:00:00.000000000","13.245","0","1751710444356","1"
"2016-11-14T00:00:00.000000000","13.992777777777777","7","1751710444356","1"
"2016-11-14T00:00:00.000000000","13.398888888888889","10","1751710444356","1"
"2016-11-14T00:00:00.000000000","12.939444444444446","8","1751710444356","1"
"2016-11-14T00:00:00.000000000","13.569444444444445","6","1751710444356","1"
"2016-11-14T00:00:00.000000000","13.041666666666668","12","1751710444356","1"
"2016-11-14T00:00:00.000000000","13.253888888888888","2","1751710444356","1"
"2016-11-14T00:00:00.000000000","14.008888888888889","3","1751710444356","1"
"2016-11-14T00:00:00.000000000","15.196666666666667","1","1751710444356","1"
"2016-11-14T00:00:00.000000000","13.469999999999999","13","1751710444356","1"
"2016-11-14T00:00:00.000000000","14.24888888888889","5","1751710444356","1"
"2016-11-14T00:00:00.000000000","13.430000000000001","9","1751710444356","1"
"2016-11-14T00:00:00.000000000","14.128333333333334","11","1751710444356","1"
"2016-11-15T00:00:00.000000000","14.553888888888887","1","1751710446976","1"
"2016-11-15T00:00:00.000000000","14.218888888888888","7","1751710446976","1"
"2016-11-15T00:00:00.000000000","13.356111111111112","12","1751710446976","1"
"2016-11-15T00:00:00.000000000","14.594444444444441","9","1751710446976","1"
"2016-11-15T00:00:00.000000000","15.009444444444446","6","1751710446976","1"
"2016-11-15T00:00:00.000000000","14.590555555555556","13","1751710446976","1"
"2016-11-15T00:00:00.000000000","13.323333333333332","0","1751710446976","1"
"2016-11-15T00:00:00.000000000","14.426111111111108","3","1751710446976","1"
"2016-11-15T00:00:00.000000000","14.431666666666665","4","1751710446976","1"
"2016-11-15T00:00:00.000000000","13.440555555555557","10","1751710446976","1"
"2016-11-15T00:00:00.000000000","14.57277777777778","5","1751710446976","1"
"2016-11-15T00:00:00.000000000","15.153333333333332","2","1751710446976","1"
"2016-11-15T00:00:00.000000000","12.605","8","1751710446976","1"
"2016-11-15T00:00:00.000000000","13.905555555555557","11","1751710446976","1"
"2016-11-16T00:00:00.000000000","15.551111111111112","2","1751710449616","1"
"2016-11-16T00:00:00.000000000","13.973333333333333","11","1751710449616","1"
"2016-11-16T00:00:00.000000000","14.826111111111114","5","1751710449616","1"
"2016-11-16T00:00:00.000000000","13.033333333333335","8","1751710449616","1"
"2016-11-16T00:00:00.000000000","14.500555555555556","13","1751710449616","1"
"2016-11-16T00:00:00.000000000","13.274999999999999","0","1751710449616","1"
"2016-11-16T00:00:00.000000000","13.424444444444445","12","1751710449616","1"
"2016-11-16T00:00:00.000000000","14.950000000000001","9","1751710449616","1"
"2016-11-16T00:00:00.000000000","13.869444444444447","7","1751710449616","1"
"2016-11-16T00:00:00.000000000","15.533888888888887","6","1751710449616","1"
"2016-11-16T00:00:00.000000000","14.195555555555558","4","1751710449616","1"
"2016-11-16T00:00:00.000000000","15.14722222222222","1","1751710449616","1"
"2016-11-16T00:00:00.000000000","14.918333333333331","3","1751710449616","1"
"2016-11-16T00:00:00.000000000","13.808333333333332","10","1751710449616","1"
"2016-11-17T00:00:00.000000000","13.124444444444443","8","1751710452236","1"
"2016-11-17T00:00:00.000000000","15.686666666666664","6","1751710452236","1"
"2016-11-17T00:00:00.000000000","13.104999999999999","0","1751710452236","1"
"2016-11-17T00:00:00.000000000","14.621666666666666","13","1751710452236","1"
"2016-11-17T00:00:00.000000000","14.958888888888891","9","1751710452236","1"
"2016-11-17T00:00:00.000000000","14.702777777777776","3","1751710452236","1"
"2016-11-17T00:00:00.000000000","14.021666666666667","10","1751710452236","1"
"2016-11-17T00:00:00.000000000","14.472222222222225","7","1751710452236","1"
"2016-11-17T00:00:00.000000000","13.453888888888887","12","1751710452236","1"
"2016-11-17T00:00:00.000000000","14.245555555555557","11","1751710452236","1"
"2016-11-17T00:00:00.000000000","16.073333333333334","2","1751710452236","1"
"2016-11-17T00:00:00.000000000","15.253333333333334","1","1751710452236","1"
"2016-11-17T00:00:00.000000000","14.765555555555554","4","1751710452236","1"
"2016-11-17T00:00:00.000000000","14.765000000000002","5","1751710452236","1"
"2016-11-18T00:00:00.000000000","15.056111111111115","3","1751710454896","1"
"2016-11-18T00:00:00.000000000","14.853333333333332","7","1751710454896","1"
"2016-11-18T00:00:00.000000000","13.593333333333335","0","1751710454896","1"
"2016-11-18T00:00:00.000000000","13.12166666666667","8","1751710454896","1"
"2016-11-18T00:00:00.000000000","17.675555555555555","1","1751710454896","1"
"2016-11-18T00:00:00.000000000","13.763888888888891","10","1751710454896","1"
"2016-11-18T00:00:00.000000000","14.304444444444446","4","1751710454896","1"
"2016-11-18T00:00:00.000000000","15.720555555555556","6","1751710454896","1"
"2016-11-18T00:00:00.000000000","15.096666666666671","9","1751710454896","1"
"2016-11-18T00:00:00.000000000","13.473888888888888","12","1751710454896","1"
"2016-11-18T00:00:00.000000000","14.859444444444446","13","1751710454896","1"
"2016-11-18T00:00:00.000000000","14.45444444444444","11","1751710454896","1"
"2016-11-18T00:00:00.000000000","14.98611111111111","5","1751710454896","1"
"2016-11-18T00:00:00.000000000","15.631111111111112","2","1751710454896","1"
"2016-11-19T00:00:00.000000000","14.908333333333331","6","1751710457536","1"
"2016-11-19T00:00:00.000000000","14.436666666666667","3","1751710457536","1"
"2016-11-19T00:00:00.000000000","16.089444444444446","1","1751710457536","1"
"2016-11-19T00:00:00.000000000","14.411111111111113","13","1751710457536","1"
"2016-11-19T00:00:00.000000000","13.354999999999999","10","1751710457536","1"
"2016-11-19T00:00:00.000000000","14.825555555555553","9","1751710457536","1"
"2016-11-19T00:00:00.000000000","14.310555555555554","7","1751710457536","1"
"2016-11-19T00:00:00.000000000","13.655555555555555","0","1751710457536","1"
"2016-11-19T00:00:00.000000000","12.976666666666665","8","1751710457536","1"
"2016-11-19T00:00:00.000000000","14.062777777777777","4","1751710457536","1"
"2016-11-19T00:00:00.000000000","13.793888888888889","5","1751710457536","1"
"2016-11-19T00:00:00.000000000","13.94222222222222","11","1751710457536","1"
"2016-11-19T00:00:00.000000000","15.348888888888887","2","1751710457536","1"
"2016-11-19T00:00:00.000000000","13.291666666666664","12","1751710457536","1"
"2016-11-20T00:00:00.000000000","14.378333333333334","7","1751710460146","1"
"2016-11-20T00:00:00.000000000","13.300555555555555","10","1751710460146","1"
"2016-11-20T00:00:00.000000000","13.310555555555556","12","1751710460146","1"
"2016-11-20T00:00:00.000000000","12.820555555555556","8","1751710460146","1"
"2016-11-20T00:00:00.000000000","17.79166666666667","1","1751710460146","1"
"2016-11-20T00:00:00.000000000","14.47277777777778","5","1751710460146","1"
"2016-11-20T00:00:00.000000000","13.247777777777777","6","1751710460146","1"
"2016-11-20T00:00:00.000000000","14.032222222222224","11","1751710460146","1"
"2016-11-20T00:00:00.000000000","14.115000000000002","0","1751710460146","1"
"2016-11-20T00:00:00.000000000","14.645000000000001","3","1751710460146","1"
"2016-11-20T00:00:00.000000000","13.431666666666665","4","1751710460146","1"
"2016-11-20T00:00:00.000000000","13.56","2","1751710460146","1"
"2016-11-20T00:00:00.000000000","13.542222222222222","13","1751710460146","1"
"2016-11-20T00:00:00.000000000","13.923333333333334","9","1751710460146","1"
"2016-11-21T00:00:00.000000000","13.436666666666667","6","1751710462786","1"
"2016-11-21T00:00:00.000000000","14.60388888888889","11","1751710462786","1"
"2016-11-21T00:00:00.000000000","13.61888888888889","10","1751710462786","1"
"2016-11-21T00:00:00.000000000","13.517777777777777","0","1751710462786","1"
"2016-11-21T00:00:00.000000000","13.71111111111111","12","1751710462786","1"
"2016-11-21T00:00:00.000000000","13.806666666666667","9","1751710462786","1"
"2016-11-21T00:00:00.000000000","12.989444444444445","4","1751710462786","1"
"2016-11-21T00:00:00.000000000","14.299444444444443","3","1751710462786","1"
"2016-11-21T00:00:00.000000000","13.812222222222225","2","1751710462786","1"
"2016-11-21T00:00:00.000000000","18.478333333333335","1","1751710462786","1"
"2016-11-21T00:00:00.000000000","13.551111111111114","13","1751710462786","1"
"2016-11-21T00:00:00.000000000","14.439999999999998","7","1751710462786","1"
"2016-11-21T00:00:00.000000000","13.544444444444443","8","1751710462786","1"
"2016-11-21T00:00:00.000000000","14.412777777777778","5","1751710462786","1"
"2016-11-22T00:00:00.000000000","15.40777777777778","1","1751710465456","1"
"2016-11-22T00:00:00.000000000","14.559444444444447","7","1751710465456","1"
"2016-11-22T00:00:00.000000000","13.668333333333335","10","1751710465456","1"
"2016-11-22T00:00:00.000000000","15.043333333333331","9","1751710465456","1"
"2016-11-22T00:00:00.000000000","13.89111111111111","11","1751710465456","1"
"2016-11-22T00:00:00.000000000","13.087222222222222","8","1751710465456","1"
"2016-11-22T00:00:00.000000000","14.82611111111111","13","1751710465456","1"
"2016-11-22T00:00:00.000000000","15.327777777777776","2","1751710465456","1"
"2016-11-22T00:00:00.000000000","12.849444444444444","0","1751710465456","1"
"2016-11-22T00:00:00.000000000","13.129444444444447","12","1751710465456","1"
"2016-11-22T00:00:00.000000000","14.235000000000001","5","1751710465456","1"
"2016-11-22T00:00:00.000000000","14.811666666666667","3","1751710465456","1"
"2016-11-22T00:00:00.000000000","15.161666666666669","6","1751710465456","1"
"2016-11-22T00:00:00.000000000","14.338333333333331","4","1751710465456","1"
"2016-11-23T00:00:00.000000000","14.574444444444444","7","1751710468356","1"
"2016-11-23T00:00:00.000000000","12.860555555555557","8","1751710468356","1"
"2016-11-23T00:00:00.000000000","14.996666666666666","9","1751710468356","1"
"2016-11-23T00:00:00.000000000","14.223333333333336","4","1751710468356","1"
"2016-11-23T00:00:00.000000000","15.764999999999995","6","1751710468356","1"
"2016-11-23T00:00:00.000000000","15.063333333333333","13","1751710468356","1"
"2016-11-23T00:00:00.000000000","14.339444444444442","11","1751710468356","1"
"2016-11-23T00:00:00.000000000","17.89277777777778","1","1751710468356","1"
"2016-11-23T00:00:00.000000000","13.268333333333336","0","1751710468356","1"
"2016-11-23T00:00:00.000000000","13.886111111111111","5","1751710468356","1"
"2016-11-23T00:00:00.000000000","13.581666666666665","12","1751710468356","1"
"2016-11-23T00:00:00.000000000","15.754444444444447","2","1751710468356","1"
"2016-11-23T00:00:00.000000000","14.905555555555559","3","1751710468356","1"
"2016-11-23T00:00:00.000000000","14.060555555555558","10","1751710468356","1"
"2016-11-24T00:00:00.000000000","15.113333333333335","3","1751710471026","1"
"2016-11-24T00:00:00.000000000","14.407222222222224","4","1751710471026","1"
"2016-11-24T00:00:00.000000000","15.030555555555557","9","1751710471026","1"
"2016-11-24T00:00:00.000000000","14.61722222222222","7","1751710471026","1"
"2016-11-24T00:00:00.000000000","18.334444444444447","1","1751710471026","1"
"2016-11-24T00:00:00.000000000","15.775555555555558","6","1751710471026","1"
"2016-11-24T00:00:00.000000000","16.07777777777778","2","1751710471026","1"
"2016-11-24T00:00:00.000000000","14.771666666666668","13","1751710471026","1"
"2016-11-24T00:00:00.000000000","13.579444444444446","12","1751710471026","1"
"2016-11-24T00:00:00.000000000","14.274444444444445","11","1751710471026","1"
"2016-11-24T00:00:00.000000000","13.821666666666665","10","1751710471026","1"
"2016-11-24T00:00:00.000000000","14.357777777777777","5","1751710471026","1"
"2016-11-24T00:00:00.000000000","12.913333333333334","0","1751710471026","1"
"2016-11-24T00:00:00.000000000","13.068888888888887","8","1751710471026","1"
"2016-11-25T00:00:00.000000000","14.348333333333336","5","1751710473666","1"
"2016-11-25T00:00:00.000000000","15.131111111111112","9","1751710473666","1"
"2016-11-25T00:00:00.000000000","14.049999999999999","11","1751710473666","1"
"2016-11-25T00:00:00.000000000","14.89722222222222","3","1751710473666","1"
"2016-11-25T00:00:00.000000000","14.48111111111111","7","1751710473666","1"
"2016-11-25T00:00:00.000000000","15.781111111111109","6","1751710473666","1"
"2016-11-25T00:00:00.000000000","14.400000000000002","13","1751710473666","1"
"2016-11-25T00:00:00.000000000","17.017222222222223","1","1751710473666","1"
"2016-11-25T00:00:00.000000000","13.381666666666666","12","1751710473666","1"
"2016-11-25T00:00:00.000000000","13.29611111111111","0","1751710473666","1"
"2016-11-25T00:00:00.000000000","14.022222222222222","10","1751710473666","1"
"2016-11-25T00:00:00.000000000","14.655000000000001","4","1751710473666","1"
"2016-11-25T00:00:00.000000000","15.815555555555555","2","1751710473666","1"
"2016-11-25T00:00:00.000000000","13.015","8","1751710473666","1"
"2016-11-26T00:00:00.000000000","13.134444444444444","8","1751710476296","1"
"2016-11-26T00:00:00.000000000","14.861666666666666","5","1751710476296","1"
"2016-11-26T00:00:00.000000000","14.59222222222222","11","1751710476296","1"
"2016-11-26T00:00:00.000000000","15.226666666666663","2","1751710476296","1"
"2016-11-26T00:00:00.000000000","13.669444444444443","10","1751710476296","1"
"2016-11-26T00:00:00.000000000","14.609444444444446","9","1751710476296","1"
"2016-11-26T00:00:00.000000000","14.571666666666667","4","1751710476296","1"
"2016-11-26T00:00:00.000000000","14.653333333333332","13","1751710476296","1"
"2016-11-26T00:00:00.000000000","14.844999999999999","6","1751710476296","1"
"2016-11-26T00:00:00.000000000","14.155555555555555","0","1751710476296","1"
"2016-11-26T00:00:00.000000000","14.93222222222222","3","1751710476296","1"
"2016-11-26T00:00:00.000000000","17.587222222222223","1","1751710476296","1"
"2016-11-26T00:00:00.000000000","13.496111111111112","12","1751710476296","1"
"2016-11-26T00:00:00.000000000","14.342222222222224","7","1751710476296","1"
"2016-11-27T00:00:00.000000000","14.29888888888889","9","1751710478936","1"
"2016-11-27T00:00:00.000000000","15.473333333333333","3","1751710478936","1"
"2016-11-27T00:00:00.000000000","14.828333333333335","0","1751710478936","1"
"2016-11-27T00:00:00.000000000","14.299444444444443","4","1751710478936","1"
"2016-11-27T00:00:00.000000000","13.442777777777778","6","1751710478936","1"
"2016-11-27T00:00:00.000000000","14.346666666666668","11","1751710478936","1"
"2016-11-27T00:00:00.000000000","14.469999999999999","13","1751710478936","1"
"2016-11-27T00:00:00.000000000","14.73777777777778","7","1751710478936","1"
"2016-11-27T00:00:00.000000000","13.372777777777777","10","1751710478936","1"
"2016-11-27T00:00:00.000000000","13.511111111111111","12","1751710478936","1"
"2016-11-27T00:00:00.000000000","18.220555555555556","1","1751710478936","1"
"2016-11-27T00:00:00.000000000","13.270555555555557","8","1751710478936","1"
"2016-11-27T00:00:00.000000000","13.737222222222222","2","1751710478936","1"
"2016-11-27T00:00:00.000000000","15.273888888888893","5","1751710478936","1"
"2016-11-28T00:00:00.000000000","13.925000000000002","12","1751710481576","1"
"2016-11-28T00:00:00.000000000","13.408333333333335","2","1751710481576","1"
"2016-11-28T00:00:00.000000000","14.101666666666667","9","1751710481576","1"
"2016-11-28T00:00:00.000000000","14.812222222222223","11","1751710481576","1"
"2016-11-28T00:00:00.000000000","13.853333333333333","4","1751710481576","1"
"2016-11-28T00:00:00.000000000","14.65055555555555","5","1751710481576","1"
"2016-11-28T00:00:00.000000000","14.06611111111111","13","1751710481576","1"
"2016-11-28T00:00:00.000000000","13.49388888888889","6","1751710481576","1"
"2016-11-28T00:00:00.000000000","14.912222222222223","3","1751710481576","1"
"2016-11-28T00:00:00.000000000","13.904444444444445","0","1751710481576","1"
"2016-11-28T00:00:00.000000000","13.32","8","1751710481576","1"
"2016-11-28T00:00:00.000000000","13.595555555555556","10","1751710481576","1"
"2016-11-28T00:00:00.000000000","18.407222222222224","1","1751710481576","1"
"2016-11-28T00:00:00.000000000","14.78611111111111","7","1751710481576","1"
"2016-11-29T00:00:00.000000000","14.253888888888888","4","1751710484216","1"
"2016-11-29T00:00:00.000000000","14.172222222222222","11","1751710484216","1"
"2016-11-29T00:00:00.000000000","14.341111111111111","7","1751710484216","1"
"2016-11-29T00:00:00.000000000","13.322222222222223","12","1751710484216","1"
"2016-11-29T00:00:00.000000000","12.939444444444444","8","1751710484216","1"
"2016-11-29T00:00:00.000000000","13.879444444444443","10","1751710484216","1"
"2016-11-29T00:00:00.000000000","16.814444444444447","1","1751710484216","1"
"2016-11-29T00:00:00.000000000","15.070555555555554","13","1751710484216","1"
"2016-11-29T00:00:00.000000000","12.997777777777777","0","1751710484216","1"
"2016-11-29T00:00:00.000000000","14.204999999999998","3","1751710484216","1"
"2016-11-29T00:00:00.000000000","15.226666666666668","2","1751710484216","1"
"2016-11-29T00:00:00.000000000","15.32111111111111","6","1751710484216","1"
"2016-11-29T00:00:00.000000000","15.258888888888887","9","1751710484216","1"
"2016-11-29T00:00:00.000000000","14.247777777777777","5","1751710484216","1"
"2016-11-30T00:00:00.000000000","14.851666666666667","5","1751710486846","1"
"2016-11-30T00:00:00.000000000","13.114444444444445","0","1751710486846","1"
"2016-11-30T00:00:00.000000000","14.766111111111112","7","1751710486846","1"
"2016-11-30T00:00:00.000000000","14.754444444444443","13","1751710486846","1"
"2016-11-30T00:00:00.000000000","14.588333333333335","4","1751710486846","1"
"2016-11-30T00:00:00.000000000","13.553333333333335","10","1751710486846","1"
"2016-11-30T00:00:00.000000000","14.324999999999998","11","1751710486846","1"
"2016-11-30T00:00:00.000000000","13.245","12","1751710486846","1"
"2016-11-30T00:00:00.000000000","15.089444444444446","3","1751710486846","1"
"2016-11-30T00:00:00.000000000","17.683333333333337","1","1751710486846","1"
"2016-11-30T00:00:00.000000000","13.026111111111113","8","1751710486846","1"
"2016-11-30T00:00:00.000000000","14.97777777777778","9","1751710486846","1"
"2016-11-30T00:00:00.000000000","15.439444444444442","6","1751710486846","1"
"2016-11-30T00:00:00.000000000","15.41","2","1751710486846","1"
"2016-12-01T00:00:00.000000000","14.456111111111113","4","1751710489488","1"
"2016-12-01T00:00:00.000000000","12.96388888888889","0","1751710489488","1"
"2016-12-01T00:00:00.000000000","14.940555555555555","6","1751710489488","1"
"2016-12-01T00:00:00.000000000","15.052777777777777","9","1751710489488","1"
"2016-12-01T00:00:00.000000000","15.035555555555554","2","1751710489488","1"
"2016-12-01T00:00:00.000000000","17.552222222222227","1","1751710489488","1"
"2016-12-01T00:00:00.000000000","14.173333333333336","11","1751710489488","1"
"2016-12-01T00:00:00.000000000","14.458888888888888","5","1751710489488","1"
"2016-12-01T00:00:00.000000000","14.05111111111111","10","1751710489488","1"
"2016-12-01T00:00:00.000000000","14.790555555555557","13","1751710489488","1"
"2016-12-01T00:00:00.000000000","14.803333333333333","3","1751710489488","1"
"2016-12-01T00:00:00.000000000","14.639444444444443","7","1751710489488","1"
"2016-12-01T00:00:00.000000000","13.732222222222223","12","1751710489488","1"
"2016-12-01T00:00:00.000000000","12.931666666666665","8","1751710489488","1"
"2016-12-02T00:00:00.000000000","18.17111111111111","1","1751710492146","1"
"2016-12-02T00:00:00.000000000","14.851111111111114","9","1751710492146","1"
"2016-12-02T00:00:00.000000000","13.821111111111113","10","1751710492146","1"
"2016-12-02T00:00:00.000000000","13.63777777777778","12","1751710492146","1"
"2016-12-02T00:00:00.000000000","14.720000000000002","5","1751710492146","1"
"2016-12-02T00:00:00.000000000","16.995555555555555","2","1751710492146","1"
"2016-12-02T00:00:00.000000000","14.869999999999997","13","1751710492146","1"
"2016-12-02T00:00:00.000000000","14.623888888888887","4","1751710492146","1"
"2016-12-02T00:00:00.000000000","15.651111111111113","3","1751710492146","1"
"2016-12-02T00:00:00.000000000","14.646666666666667","11","1751710492146","1"
"2016-12-02T00:00:00.000000000","16.442222222222224","6","1751710492146","1"
"2016-12-02T00:00:00.000000000","14.719444444444443","7","1751710492146","1"
"2016-12-02T00:00:00.000000000","13.055555555555557","0","1751710492146","1"
"2016-12-02T00:00:00.000000000","13.110000000000003","8","1751710492146","1"
"2016-12-03T00:00:00.000000000","17.158333333333335","1","1751710494796","1"
"2016-12-03T00:00:00.000000000","14.66","9","1751710494796","1"
"2016-12-03T00:00:00.000000000","14.836666666666666","2","1751710494796","1"
"2016-12-03T00:00:00.000000000","13.718333333333332","12","1751710494796","1"
"2016-12-03T00:00:00.000000000","12.861111111111112","0","1751710494796","1"
"2016-12-03T00:00:00.000000000","14.57611111111111","7","1751710494796","1"
"2016-12-03T00:00:00.000000000","15.14777777777778","6","1751710494796","1"
"2016-12-03T00:00:00.000000000","16.352777777777778","3","1751710494796","1"
"2016-12-03T00:00:00.000000000","14.528888888888888","4","1751710494796","1"
"2016-12-03T00:00:00.000000000","13.961666666666666","11","1751710494796","1"
"2016-12-03T00:00:00.000000000","13.950555555555555","5","1751710494796","1"
"2016-12-03T00:00:00.000000000","12.94111111111111","8","1751710494796","1"
"2016-12-03T00:00:00.000000000","13.576111111111109","10","1751710494796","1"
"2016-12-03T00:00:00.000000000","14.533888888888889","13","1751710494796","1"
"2016-12-06T00:00:00.000000000","13.532777777777778","12","1751710497436","1"
"2016-12-06T00:00:00.000000000","14.585555555555553","4","1751710497436","1"
"2016-12-06T00:00:00.000000000","16.82611111111111","1","1751710497436","1"
"2016-12-06T00:00:00.000000000","13.388333333333332","0","1751710497436","1"
"2016-12-06T00:00:00.000000000","13.33388888888889","8","1751710497436","1"
"2016-12-06T00:00:00.000000000","15.236111111111114","3","1751710497436","1"
"2016-12-06T00:00:00.000000000","15.95277777777778","2","1751710497436","1"
"2016-12-06T00:00:00.000000000","14.126666666666665","5","1751710497436","1"
"2016-12-06T00:00:00.000000000","15.031666666666666","13","1751710497436","1"
"2016-12-06T00:00:00.000000000","14.355555555555554","11","1751710497436","1"
"2016-12-06T00:00:00.000000000","14.818333333333335","7","1751710497436","1"
"2016-12-06T00:00:00.000000000","13.95444444444444","10","1751710497436","1"
"2016-12-06T00:00:00.000000000","15.537222222222223","6","1751710497436","1"
"2016-12-06T00:00:00.000000000","15.537222222222223","9","1751710497436","1"
"2016-12-07T00:00:00.000000000","12.93277777777778","8","1751710500066","1"
"2016-12-07T00:00:00.000000000","14.887222222222224","3","1751710500066","1"
"2016-12-07T00:00:00.000000000","15.047222222222224","9","1751710500066","1"
"2016-12-07T00:00:00.000000000","14.060000000000002","11","1751710500066","1"
"2016-12-07T00:00:00.000000000","14.596111111111112","13","1751710500066","1"
"2016-12-07T00:00:00.000000000","13.414444444444444","0","1751710500066","1"
"2016-12-07T00:00:00.000000000","13.663888888888888","12","1751710500066","1"
"2016-12-07T00:00:00.000000000","15.513333333333334","6","1751710500066","1"
"2016-12-07T00:00:00.000000000","14.215","5","1751710500066","1"
"2016-12-07T00:00:00.000000000","13.47","10","1751710500066","1"
"2016-12-07T00:00:00.000000000","14.490555555555554","7","1751710500066","1"
"2016-12-07T00:00:00.000000000","15.601666666666663","2","1751710500066","1"
"2016-12-07T00:00:00.000000000","14.545555555555552","4","1751710500066","1"
"2016-12-07T00:00:00.000000000","16.895555555555557","1","1751710500066","1"
"2016-12-08T00:00:00.000000000","13.622777777777777","12","1751710502726","1"
"2016-12-08T00:00:00.000000000","15.594999999999999","6","1751710502726","1"
"2016-12-08T00:00:00.000000000","13.753888888888888","10","1751710502726","1"
"2016-12-08T00:00:00.000000000","15.118333333333336","3","1751710502726","1"
"2016-12-08T00:00:00.000000000","14.250555555555557","5","1751710502726","1"
"2016-12-08T00:00:00.000000000","14.723333333333336","7","1751710502726","1"
"2016-12-08T00:00:00.000000000","17.940000000000005","1","1751710502726","1"
"2016-12-08T00:00:00.000000000","14.165555555555555","11","1751710502726","1"
"2016-12-08T00:00:00.000000000","12.996111111111112","8","1751710502726","1"
"2016-12-08T00:00:00.000000000","14.89388888888889","9","1751710502726","1"
"2016-12-08T00:00:00.000000000","14.76","13","1751710502726","1"
"2016-12-08T00:00:00.000000000","14.334999999999999","4","1751710502726","1"
"2016-12-08T00:00:00.000000000","12.977222222222224","0","1751710502726","1"
"2016-12-08T00:00:00.000000000","16.245","2","1751710502726","1"
"2016-12-09T00:00:00.000000000","14.90111111111111","6","1751710505366","1"
"2016-12-09T00:00:00.000000000","14.754444444444443","5","1751710505366","1"
"2016-12-09T00:00:00.000000000","17.90722222222222","1","1751710505366","1"
"2016-12-09T00:00:00.000000000","12.908888888888889","8","1751710505366","1"
"2016-12-09T00:00:00.000000000","14.654444444444444","4","1751710505366","1"
"2016-12-09T00:00:00.000000000","13.607777777777777","12","1751710505366","1"
"2016-12-09T00:00:00.000000000","15.233888888888888","9","1751710505366","1"
"2016-12-09T00:00:00.000000000","13.130555555555556","0","1751710505366","1"
"2016-12-09T00:00:00.000000000","14.46","11","1751710505366","1"
"2016-12-09T00:00:00.000000000","14.980555555555558","7","1751710505366","1"
"2016-12-09T00:00:00.000000000","16.055555555555557","3","1751710505366","1"
"2016-12-09T00:00:00.000000000","13.754444444444442","10","1751710505366","1"
"2016-12-09T00:00:00.000000000","14.740555555555554","13","1751710505366","1"
"2016-12-09T00:00:00.000000000","14.80277777777778","2","1751710505366","1"
"2016-12-10T00:00:00.000000000","13.084444444444447","8","1751710507996","1"
"2016-12-10T00:00:00.000000000","14.58","2","1751710507996","1"
"2016-12-10T00:00:00.000000000","13.78","10","1751710507996","1"
"2016-12-10T00:00:00.000000000","15.891666666666667","3","1751710507996","1"
"2016-12-10T00:00:00.000000000","14.635555555555559","13","1751710507996","1"
"2016-12-10T00:00:00.000000000","14.902777777777779","9","1751710507996","1"
"2016-12-10T00:00:00.000000000","17.417777777777776","1","1751710507996","1"
"2016-12-10T00:00:00.000000000","14.357777777777777","11","1751710507996","1"
"2016-12-10T00:00:00.000000000","13.639999999999999","0","1751710507996","1"
"2016-12-10T00:00:00.000000000","13.527222222222223","12","1751710507996","1"
"2016-12-10T00:00:00.000000000","14.66","6","1751710507996","1"
"2016-12-10T00:00:00.000000000","14.79888888888889","7","1751710507996","1"
"2016-12-10T00:00:00.000000000","14.200555555555555","4","1751710507996","1"
"2016-12-10T00:00:00.000000000","14.458333333333336","5","1751710507996","1"
"2016-12-11T00:00:00.000000000","13.607777777777779","13","1751710510656","1"
"2016-12-11T00:00:00.000000000","13.921666666666665","9","1751710510656","1"
"2016-12-11T00:00:00.000000000","14.571111111111113","7","1751710510656","1"
"2016-12-11T00:00:00.000000000","13.33222222222222","12","1751710510656","1"
"2016-12-11T00:00:00.000000000","14.732222222222223","3","1751710510656","1"
"2016-12-11T00:00:00.000000000","13.554444444444446","4","1751710510656","1"
"2016-12-11T00:00:00.000000000","13.249444444444443","2","1751710510656","1"
"2016-12-11T00:00:00.000000000","18.055","1","1751710510656","1"
"2016-12-11T00:00:00.000000000","13.064444444444442","6","1751710510656","1"
"2016-12-11T00:00:00.000000000","14.454444444444448","5","1751710510656","1"
"2016-12-11T00:00:00.000000000","13.129444444444445","8","1751710510656","1"
"2016-12-11T00:00:00.000000000","13.429444444444446","10","1751710510656","1"
"2016-12-11T00:00:00.000000000","14.319444444444445","11","1751710510656","1"
"2016-12-11T00:00:00.000000000","14.31611111111111","0","1751710510656","1"
"2016-12-12T00:00:00.000000000","13.693888888888889","2","1751710513296","1"
"2016-12-12T00:00:00.000000000","18.565","1","1751710513296","1"
"2016-12-12T00:00:00.000000000","14.790555555555557","5","1751710513296","1"
"2016-12-12T00:00:00.000000000","14.730000000000002","11","1751710513296","1"
"2016-12-12T00:00:00.000000000","14.115555555555554","13","1751710513296","1"
"2016-12-12T00:00:00.000000000","13.544444444444444","12","1751710513296","1"
"2016-12-12T00:00:00.000000000","13.12611111111111","6","1751710513296","1"
"2016-12-12T00:00:00.000000000","14.942222222222224","3","1751710513296","1"
"2016-12-12T00:00:00.000000000","13.713333333333331","0","1751710513296","1"
"2016-12-12T00:00:00.000000000","13.692777777777776","4","1751710513296","1"
"2016-12-12T00:00:00.000000000","13.580555555555556","10","1751710513296","1"
"2016-12-12T00:00:00.000000000","13.356666666666664","8","1751710513296","1"
"2016-12-12T00:00:00.000000000","14.725555555555555","7","1751710513296","1"
"2016-12-12T00:00:00.000000000","14.105","9","1751710513296","1"
"2016-12-13T00:00:00.000000000","14.970555555555556","3","1751710515956","1"
"2016-12-13T00:00:00.000000000","13.402777777777779","12","1751710515956","1"
"2016-12-13T00:00:00.000000000","14.839999999999996","2","1751710515956","1"
"2016-12-13T00:00:00.000000000","14.721111111111108","9","1751710515956","1"
"2016-12-13T00:00:00.000000000","12.82277777777778","8","1751710515956","1"
"2016-12-13T00:00:00.000000000","13.06111111111111","0","1751710515956","1"
"2016-12-13T00:00:00.000000000","14.549444444444443","7","1751710515956","1"
"2016-12-13T00:00:00.000000000","14.344999999999999","11","1751710515956","1"
"2016-12-13T00:00:00.000000000","14.261666666666665","5","1751710515956","1"
"2016-12-13T00:00:00.000000000","14.83","13","1751710515956","1"
"2016-12-13T00:00:00.000000000","15.091111111111111","6","1751710515956","1"
"2016-12-13T00:00:00.000000000","14.640555555555554","4","1751710515956","1"
"2016-12-13T00:00:00.000000000","17.453888888888887","1","1751710515956","1"
"2016-12-13T00:00:00.000000000","13.240555555555554","10","1751710515956","1"
"2016-12-14T00:00:00.000000000","15.518823529411767","6","1751710518456","1"
"2016-12-14T00:00:00.000000000","14.475882352941175","7","1751710518456","1"
"2016-12-14T00:00:00.000000000","15.682941176470589","2","1751710518456","1"
"2016-12-14T00:00:00.000000000","14.344117647058821","5","1751710518456","1"
"2016-12-14T00:00:00.000000000","14.469999999999997","4","1751710518456","1"
"2016-12-14T00:00:00.000000000","14.273529411764704","11","1751710518456","1"
"2016-12-14T00:00:00.000000000","14.978235294117647","9","1751710518456","1"
"2016-12-14T00:00:00.000000000","14.848235294117647","13","1751710518456","1"
"2016-12-14T00:00:00.000000000","13.429999999999998","12","1751710518456","1"
"2016-12-14T00:00:00.000000000","13.221764705882352","0","1751710518456","1"
"2016-12-14T00:00:00.000000000","13.07294117647059","8","1751710518456","1"
"2016-12-14T00:00:00.000000000","17.17411764705882","1","1751710518456","1"
"2016-12-14T00:00:00.000000000","13.890000000000002","10","1751710518456","1"
"2016-12-14T00:00:00.000000000","15.317058823529411","3","1751710518456","1"
"2016-12-15T00:00:00.000000000","14.83411764705882","7","1751710520956","1"
"2016-12-15T00:00:00.000000000","15.617058823529412","3","1751710520956","1"
"2016-12-15T00:00:00.000000000","13.485294117647058","12","1751710520956","1"
"2016-12-15T00:00:00.000000000","18.593529411764706","1","1751710520956","1"
"2016-12-15T00:00:00.000000000","14.114117647058823","5","1751710520956","1"
"2016-12-15T00:00:00.000000000","14.601764705882351","11","1751710520956","1"
"2016-12-15T00:00:00.000000000","13.260588235294119","8","1751710520956","1"
"2016-12-15T00:00:00.000000000","14.511764705882353","4","1751710520956","1"
"2016-12-15T00:00:00.000000000","13.73294117647059","10","1751710520956","1"
"2016-12-15T00:00:00.000000000","15.981764705882355","2","1751710520956","1"
"2016-12-15T00:00:00.000000000","14.947058823529414","9","1751710520956","1"
"2016-12-15T00:00:00.000000000","15.482352941176472","6","1751710520956","1"
"2016-12-15T00:00:00.000000000","14.800588235294118","13","1751710520956","1"
"2016-12-15T00:00:00.000000000","13.337058823529413","0","1751710520956","1"
"2016-12-16T00:00:00.000000000","15.278888888888888","2","1751710523606","1"
"2016-12-16T00:00:00.000000000","16.22","3","1751710523606","1"
"2016-12-16T00:00:00.000000000","15.33","9","1751710523606","1"
"2016-12-16T00:00:00.000000000","14.917777777777777","7","1751710523606","1"
"2016-12-16T00:00:00.000000000","17.17","1","1751710523606","1"
"2016-12-16T00:00:00.000000000","14.962777777777777","13","1751710523606","1"
"2016-12-16T00:00:00.000000000","13.765555555555556","10","1751710523606","1"
"2016-12-16T00:00:00.000000000","15.038888888888891","6","1751710523606","1"
"2016-12-16T00:00:00.000000000","12.885555555555557","0","1751710523606","1"
"2016-12-16T00:00:00.000000000","14.766111111111112","5","1751710523606","1"
"2016-12-16T00:00:00.000000000","14.430555555555555","11","1751710523606","1"
"2016-12-16T00:00:00.000000000","12.828888888888889","8","1751710523606","1"
"2016-12-16T00:00:00.000000000","14.624444444444444","4","1751710523606","1"
"2016-12-16T00:00:00.000000000","13.730555555555556","12","1751710523606","1"
"2016-12-17T00:00:00.000000000","17.827222222222225","1","1751710526276","1"
"2016-12-17T00:00:00.000000000","14.681111111111107","9","1751710526276","1"
"2016-12-17T00:00:00.000000000","14.13388888888889","4","1751710526276","1"
"2016-12-17T00:00:00.000000000","13.414444444444444","0","1751710526276","1"
"2016-12-17T00:00:00.000000000","13.164444444444447","12","1751710526276","1"
"2016-12-17T00:00:00.000000000","13.246666666666666","8","1751710526276","1"
"2016-12-17T00:00:00.000000000","14.005","7","1751710526276","1"
"2016-12-17T00:00:00.000000000","14.849444444444446","3","1751710526276","1"
"2016-12-17T00:00:00.000000000","14.427777777777777","13","1751710526276","1"
"2016-12-17T00:00:00.000000000","13.406666666666666","10","1751710526276","1"
"2016-12-17T00:00:00.000000000","14.314999999999998","5","1751710526276","1"
"2016-12-17T00:00:00.000000000","14.734444444444446","2","1751710526276","1"
"2016-12-17T00:00:00.000000000","13.918333333333331","11","1751710526276","1"
"2016-12-17T00:00:00.000000000","14.730555555555554","6","1751710526276","1"
"2016-12-18T00:00:00.000000000","17.43444444444445","1","1751710528946","1"
"2016-12-18T00:00:00.000000000","14.217222222222222","0","1751710528946","1"
"2016-12-18T00:00:00.000000000","14.52277777777778","3","1751710528946","1"
"2016-12-18T00:00:00.000000000","13.478888888888893","13","1751710528946","1"
"2016-12-18T00:00:00.000000000","13.35","4","1751710528946","1"
"2016-12-18T00:00:00.000000000","13.663888888888888","2","1751710528946","1"
"2016-12-18T00:00:00.000000000","14.074444444444445","12","1751710528946","1"
"2016-12-18T00:00:00.000000000","13.348888888888887","10","1751710528946","1"
"2016-12-18T00:00:00.000000000","14.54611111111111","5","1751710528946","1"
"2016-12-18T00:00:00.000000000","13.647222222222222","6","1751710528946","1"
"2016-12-18T00:00:00.000000000","14.426666666666668","11","1751710528946","1"
"2016-12-18T00:00:00.000000000","13.696666666666667","9","1751710528946","1"
"2016-12-18T00:00:00.000000000","14.28277777777778","7","1751710528946","1"
"2016-12-18T00:00:00.000000000","14.229999999999999","8","1751710528946","1"
"2016-12-19T00:00:00.000000000","13.680555555555555","0","1751710531596","1"
"2016-12-19T00:00:00.000000000","14.140555555555556","2","1751710531596","1"
"2016-12-19T00:00:00.000000000","14.763333333333334","3","1751710531596","1"
"2016-12-19T00:00:00.000000000","13.803333333333335","9","1751710531596","1"
"2016-12-19T00:00:00.000000000","13.687222222222223","10","1751710531596","1"
"2016-12-19T00:00:00.000000000","14.023333333333333","13","1751710531596","1"
"2016-12-19T00:00:00.000000000","14.296666666666669","7","1751710531596","1"
"2016-12-19T00:00:00.000000000","14.243333333333332","5","1751710531596","1"
"2016-12-19T00:00:00.000000000","13.373333333333335","6","1751710531596","1"
"2016-12-19T00:00:00.000000000","14.521666666666667","12","1751710531596","1"
"2016-12-19T00:00:00.000000000","14.123333333333331","11","1751710531596","1"
"2016-12-19T00:00:00.000000000","13.77888888888889","8","1751710531596","1"
"2016-12-19T00:00:00.000000000","14.035","4","1751710531596","1"
"2016-12-19T00:00:00.000000000","18.23944444444444","1","1751710531596","1"
"2016-12-20T00:00:00.000000000","14.738888888888887","7","18446744073709551614","1"
"2016-12-20T00:00:00.000000000","14.205000000000002","11","18446744073709551614","1"
"2016-12-20T00:00:00.000000000","13.494444444444444","0","18446744073709551614","1"
"2016-12-20T00:00:00.000000000","13.73777777777778","8","18446744073709551614","1"
"2016-12-20T00:00:00.000000000","13.93","5","18446744073709551614","1"
"2016-12-20T00:00:00.000000000","15.996666666666663","3","18446744073709551614","1"
"2016-12-20T00:00:00.000000000","14.384999999999998","12","18446744073709551614","1"
"2016-12-20T00:00:00.000000000","15.136666666666668","6","18446744073709551614","1"
"2016-12-20T00:00:00.000000000","15.674444444444443","2","18446744073709551614","1"
"2016-12-20T00:00:00.000000000","14.398333333333332","4","18446744073709551614","1"
"2016-12-20T00:00:00.000000000","14.619444444444447","13","18446744073709551614","1"
"2016-12-20T00:00:00.000000000","17.78611111111111","1","18446744073709551614","1"
"2016-12-20T00:00:00.000000000","14.982777777777777","9","18446744073709551614","1"
"2016-12-20T00:00:00.000000000","13.77277777777778","10","18446744073709551614","1"
